"","X1","X2","X3","X4","X5","X6","X7","X8","X9","X10","X11","X12","X13"
"1","OQV26214.1","KAG7156541.1",38.446,502,287,6,109,602,69,556,1.15e-96,315,57.37
"2","OQV26214.1","KFM61102.1",35.223,494,317,2,151,642,36,528,5.46e-96,312,57.49
"3","OQV26214.1","ODN02785.1",38.964,521,290,9,151,661,29,531,3.57e-94,308,54.7
"4","OQV26214.1","KAG1663790.1",39.286,448,260,4,164,611,102,537,1.52e-93,306,58.48
"5","OQV26214.1","KAG1694105.1",40.045,442,260,4,164,605,553,989,7.45e-91,310,58.6
"6","OQV26214.1","GFS30330.1",35.259,502,318,5,151,650,59,555,2.63e-90,299,56.18
"7","OQV26214.1","GFS30328.1",35.259,502,318,5,151,650,75,571,6.5e-90,298,56.18
"8","OQV26214.1","KAG8183784.1",37.444,446,274,3,151,592,35,479,8.41e-90,297,58.3
"9","OQV26214.1","KAG1663789.1",37.849,465,262,5,164,612,102,555,1.56e-89,296,56.56
"10","OQV26214.1","RXG52054.1",40.23,435,222,5,157,585,152,554,2.74e-88,293,56.78
"11","OQV26214.1","KAG1694104.1",39.421,449,260,5,164,605,553,996,3.86e-88,303,57.68
"12","OQV26214.1","KAG1694103.1",38.646,458,261,5,164,605,553,1006,5.53e-87,300,56.77
"13","OQV26214.1","ROT75079.1",39.367,442,246,2,151,592,52,471,2.41e-85,283,56.33
"14","OQV26214.1","KAF8764998.1",37.277,448,270,5,151,593,56,497,1.02e-84,283,57.81
"15","OQV26214.1","KAG0726903.1",36.032,494,275,7,100,591,70,524,1.05e-84,283,55.87
"16","OQV26214.1","KAF8764999.1",37.277,448,270,5,151,593,49,490,1.06e-84,283,57.81
"17","OQV26214.1","KAF2354193.1",36.25,480,303,3,114,592,539,1016,5.73e-81,284,55.62
"18","OQV26214.1","KFM61101.1",38.901,455,263,6,146,593,33,479,9.02e-81,271,57.14
"19","OQV26214.1","QVD39181.1",39.11,427,248,5,192,617,1,416,1.17e-80,269,58.31
"20","OQV26214.1","CAD7247776.1",36.91,466,288,5,136,597,35,498,1.82e-80,272,54.94
"21","OQV26214.1","GFQ86433.1",38.48,408,243,4,214,620,9,409,3.25e-80,268,57.6
"22","OQV26214.1","KAG1663791.1",36.129,465,269,6,164,611,102,555,9.2e-80,270,55.27
"23","OQV26214.1","MCL4129849.1",40.166,361,214,2,192,551,1,360,1.06e-79,265,60.39
"24","OQV26214.1","TRY75264.1",34.495,545,337,11,55,593,18,548,6.14e-79,268,53.94
"25","OQV26214.1","GIX83854.1",35.394,469,298,3,162,629,39,503,1.32e-77,263,55.22
"26","OQV26214.1","KAF0289584.1",39.958,478,274,5,121,592,89,559,1.61e-77,265,58.79
"27","OQV26214.1","GFY73361.1",36.601,459,284,6,160,615,40,494,2.31e-77,262,56.21
"28","OQV26214.1","GFS30334.1",36.522,460,276,8,160,610,42,494,3.17e-77,262,56.3
"29","OQV26214.1","ODN02967.1",35.408,466,288,6,157,615,45,504,5.58e-77,261,56.87
"30","OQV26214.1","KAI5736882.1",33.129,489,298,7,142,615,66,540,1.32e-75,259,53.99
"31","OQV26214.1","RWS02343.1",39.352,432,245,8,170,594,28,449,1.91e-75,257,57.41
"32","OQV26214.1","MCL4150668.1",39.12,409,229,6,215,614,1,398,3.63e-75,253,57.95
"33","OQV26214.1","KAI5704272.1",32.924,489,299,7,142,615,66,540,3.86e-75,258,53.78
"34","OQV26214.1","QVD39184.1",34.719,481,295,5,157,621,126,603,7.11e-75,259,54.26
"35","OQV26214.1","CAD7249112.1",32.689,517,326,7,100,612,16,514,1.15e-74,256,51.06
"36","OQV26214.1","KAI5704273.1",32.924,489,299,7,142,615,33,507,1.52e-74,255,53.78
"37","OQV26214.1","KAI5742064.1",35.862,435,277,2,160,593,91,524,4.15e-74,254,56.32
"38","KRT81874.1","KRT81874.1",100,667,0,0,1,667,1,667,0,1363,100
"39","KRT81874.1","KAI4469917.1",89.97,668,65,2,1,667,1,667,0,1192,93.56
"40","KRT81874.1","RZC10198.1",89.744,585,58,1,75,659,1,583,0,1060,94.36
"41","KRT81874.1","CAH1372858.1",88.353,601,55,3,80,667,56,654,0,1055,92.85
"42","KRT81874.1","CAG9839567.1",80.909,660,122,2,8,667,6,661,0,1048,87.88
"43","KRT81874.1","CAH0546938.1",88.325,591,67,1,77,667,84,672,0,1044,93.91
"44","KRT81874.1","CAH1998329.1",81.917,647,97,6,38,667,62,705,0,1043,89.18
"45","KRT81874.1","KAF7285967.1",82.636,645,97,4,35,667,22,663,0,1041,88.84
"46","KRT81874.1","CAH1961264.1",81.762,647,98,6,38,667,62,705,0,1040,89.03
"47","KRT81874.1","CAH1123467.1",87.858,593,62,5,79,667,76,662,0,1037,93.25
"48","KRT81874.1","CAG9862140.1",83.81,630,90,6,45,667,32,656,0,1032,89.37
"49","KRT81874.1","CAH1107619.1",87.097,589,71,2,84,667,54,642,0,1030,93.04
"50","KRT81874.1","CAH1180150.1",79.646,678,106,8,8,667,5,668,0,1029,85.69
"51","KRT81874.1","KAJ3661878.1",84.704,608,82,3,55,653,40,645,0,1029,91.28
"52","KRT81874.1","KAF2882493.1",86.621,583,73,3,78,656,73,654,0,1023,91.77
"53","KRT81874.1","CAH1961265.1",92.683,533,36,1,138,667,1,533,0,999,97
"54","KRT81874.1","KAF5288288.1",82.178,606,90,4,78,667,43,646,0,987,89.11
"55","KRT81874.1","KAB0796473.1",82.753,603,85,3,84,667,40,642,0,985,89.05
"56","KRT81874.1","RZF39336.1",75.994,629,142,4,26,653,131,751,0,984,85.85
"57","KRT81874.1","KAF7409385.1",74.652,647,143,7,24,654,60,701,0,981,85.32
"58","KRT81874.1","KAF7387386.1",79.097,598,117,5,60,654,112,704,0,978,89.3
"59","KRT81874.1","EFN72570.1",75.195,641,134,4,38,654,54,693,0,978,85.18
"60","KRT81874.1","KAF7385739.1",79.328,595,115,5,63,654,83,672,0,976,89.58
"61","KRT81874.1","KAH0950178.1",75.549,638,121,8,25,653,75,686,0,976,86.05
"62","KRT81874.1","KAI4480393.1",75.791,632,126,6,50,663,86,708,0,975,85.92
"63","KRT81874.1","ERL89967.1",80.914,613,101,4,24,635,39,636,0,974,86.95
"64","KRT81874.1","KYN02550.1",75,640,134,4,33,654,63,694,0,973,84.69
"65","KRT81874.1","TGZ55224.1",82.281,570,94,2,91,654,452,1020,0,971,91.23
"66","KRT81874.1","ENN79908.1",82.5,600,90,3,24,623,39,623,0,970,87.67
"67","KRT81874.1","KAI4489548.1",75.801,624,125,5,50,655,86,701,0,969,86.22
"68","KRT81874.1","KYM82292.1",74.415,641,139,3,38,654,53,692,0,968,84.71
"69","KRT81874.1","CAD7400710.1",82.967,546,92,1,108,653,233,777,0,967,92.31
"70","KRT81874.1","CAD7202073.1",82.784,546,93,1,108,653,212,756,0,965,92.31
"71","KRT81874.1","KAG5311409.1",72.59,664,151,4,12,654,41,694,0,965,81.78
"72","KRT81874.1","KMQ95502.1",74.884,649,127,8,38,654,196,840,0,964,84.28
"73","KRT81874.1","PNF25845.1",77.365,592,129,3,67,657,45,632,0,964,88.01
"74","KRT81874.1","PNF25844.1",77.365,592,129,3,67,657,106,693,0,964,88.01
"75","KRT81874.1","CAD7427182.1",82.967,546,92,1,108,653,162,706,0,964,92.31
"76","KRT81874.1","CAD7598136.1",82.967,546,92,1,108,653,169,713,0,963,92.31
"77","KRT81874.1","KAG5324024.1",73.222,661,151,5,12,654,41,693,0,963,82.75
"78","KOB72952.1","KOB72952.1",100,519,0,0,1,519,1,519,0,1052,100
"79","KOB72952.1","KAJ0181768.1",75.468,534,71,6,1,481,193,719,0,810,83.15
"80","KOB72952.1","CAB3515165.1",76.217,534,69,6,1,481,218,746,0,808,82.4
"81","KOB72952.1","CAH0700695.1",75.655,534,72,6,1,481,184,712,0,804,82.02
"82","KOB72952.1","KAF9414715.1",74.545,550,76,7,1,497,28,566,0,801,80.73
"83","KOB72952.1","KAF9812087.1",76.03,534,70,6,1,481,51,579,0,782,82.21
"84","KOB72952.1","CAB3231150.1",72.097,534,91,6,1,481,184,712,0,770,80.15
"85","KOB72952.1","CAH0726637.1",72.097,534,92,5,1,481,52,581,0,768,81.09
"86","KOB72952.1","CAB3231151.1",72.097,534,91,6,1,481,51,579,0,764,80.15
"87","KOB72952.1","KPJ15196.1",75.514,535,73,6,1,481,51,581,0,763,82.8
"88","KOB72952.1","CAH0603224.1",74.532,534,78,6,1,481,182,710,0,752,80.71
"89","KOB72952.1","CAG5021577.1",73.97,534,82,5,1,481,106,635,0,752,82.21
"90","KOB72952.1","PZC78836.1",70.412,534,101,5,1,481,181,710,0,749,80.9
"91","KOB72952.1","CAH0603225.1",74.532,534,78,6,1,481,103,631,0,749,80.71
"92","KOB72952.1","CAG5021581.1",73.97,534,82,5,1,481,51,580,0,749,82.21
"93","KOB72952.1","CAH2066547.1",71.91,534,83,6,1,481,225,744,0,749,80.52
"94","KOB72952.1","CAH2066549.1",71.91,534,83,6,1,481,127,646,0,744,80.52
"95","KOB72952.1","CAH2066551.1",71.91,534,83,6,1,481,51,570,0,741,80.52
"96","KOB72952.1","KAG7311610.1",72.659,534,89,5,1,481,53,582,0,740,81.65
"97","KOB72952.1","KAI8427738.1",72.761,536,87,6,1,481,44,575,0,739,79.85
"98","JAB97576.1","CAD6994394.1",99.284,559,4,0,66,624,1,559,0,1119,99.46
"99","JAB97576.1","TMW52257.1",76.578,491,96,5,31,521,292,763,0,721,85.74
"100","JAB97576.1","KAH8341983.1",71.542,506,130,5,25,524,189,686,0,709,81.82
"101","JAB97576.1","KAH8356464.1",72.819,493,125,4,52,543,234,718,0,707,82.96
"102","JAB97576.1","KAH8242571.1",74.63,473,112,3,52,524,224,688,0,705,84.99
"103","JAB97576.1","KAH8251847.1",74.63,473,112,3,52,524,226,690,0,703,84.99
"104","JAB97576.1","KAH8354411.1",70.775,503,140,3,25,524,173,671,0,702,80.91
"105","JAB97576.1","SPP83020.1",71.602,493,132,3,42,530,94,582,0,702,82.56
"106","JAB97576.1","KAH8292485.1",72.819,493,125,4,52,543,223,707,0,701,83.16
"107","JAB97576.1","KAI8130912.1",73.477,509,120,6,53,556,254,752,0,700,84.09
"108","JAB97576.1","KAH8384107.1",74.004,477,115,4,49,524,223,691,0,697,84.07
"109","JAB97576.1","EDW28191.1",67.495,523,158,3,29,543,73,591,0,697,78.59
"110","JAB97576.1","NP_001247251.1",74.249,466,116,2,59,524,228,689,0,694,84.33
"111","JAB97576.1","NP_732807.1",74.249,466,116,2,59,524,98,559,0,691,84.33
"112","JAB97576.1","EDW98075.2",73.82,466,116,2,59,524,261,720,0,689,83.91
"113","JAB97576.1","KAH8284322.1",68.972,506,142,4,29,524,192,692,0,689,80.04
"114","JAB97576.1","KAH8277262.1",72.727,473,121,3,52,524,221,685,0,688,83.51
"115","JAB97576.1","EDW58328.2",70.079,508,134,5,25,524,187,684,0,687,80.31
"116","JAB97576.1","KRK04107.1",73.82,466,116,2,59,524,105,564,0,687,83.91
"117","JAB97576.1","EDW80594.2",73.444,482,123,3,49,529,223,700,0,687,83.4
"118","JAB97576.1","KAI9577037.1",68.254,504,155,3,25,528,18,516,0,686,81.35
"119","JAB97576.1","EDV43029.1",70.204,490,137,4,59,543,225,710,0,686,81.84
"120","JAB97576.1","KAH8330091.1",72.516,473,122,3,52,524,222,686,0,686,83.09
"121","JAB97576.1","KAH8313251.1",72.532,466,124,2,59,524,225,686,0,685,84.12
"122","JAB97576.1","KAH8404665.1",72.651,479,125,4,46,524,222,694,0,684,84.55
"123","JAB97576.1","KPU80035.1",70.204,490,137,4,59,543,159,644,0,684,81.84
"124","EFN88906.1","EFN88906.1",100,730,0,0,1,730,1,730,0,1498,100
"125","EFN88906.1","KAG5337545.1",85.695,734,86,8,7,730,6,730,0,1249,91.28
"126","EFN88906.1","KYN14696.1",85.479,730,89,7,9,730,8,728,0,1238,90.82
"127","EFN88906.1","KYN40946.1",85.306,735,90,8,5,730,4,729,0,1238,90.75
"128","EFN88906.1","KAG5308716.1",84.803,737,92,9,5,730,4,731,0,1232,90.37
"129","EFN88906.1","EZA51996.1",85.205,730,84,9,10,730,7,721,0,1212,90
"130","EFN88906.1","EGI59762.1",83.81,735,86,9,5,730,4,714,0,1207,89.25
"131","EFN88906.1","RLU23064.1",84.986,726,85,9,10,726,7,717,0,1206,89.94
"132","EFN88906.1","KYQ49582.1",86.46,709,78,8,31,730,1,700,0,1192,91.4
"133","EFN88906.1","KAF3422851.1",81.616,718,116,8,16,730,15,719,0,1136,88.02
"134","EFN88906.1","KAG7188112.1",82.906,702,98,7,34,729,29,714,0,1130,88.18
"135","EFN88906.1","CAD1468622.1",80.33,727,114,7,10,728,10,715,0,1127,86.52
"136","EFN88906.1","KAG7188111.1",82.951,698,97,7,34,725,29,710,0,1127,88.11
"137","EFN88906.1","PBC31578.1",81.429,700,120,4,31,728,6,697,0,1110,87.14
"138","EEB12185.1","EEB12185.1",100,670,0,0,1,670,1,670,0,1370,100
"139","EEB12185.1","KAJ4436481.1",60.703,626,227,5,17,631,16,633,0,768,74.12
"140","EEB12185.1","PNF40993.1",60.45,622,214,9,25,625,27,637,0,736,73.95
"141","EEB12185.1","CAD7457801.1",58.615,592,237,5,41,628,79,666,0,704,73.82
"142","EEB12185.1","KDR15092.1",63.357,554,196,4,72,625,12,558,0,700,78.7
"143","EEB12185.1","CAD7256222.1",56.571,624,223,9,41,628,147,758,0,693,70.83
"144","EEB12185.1","KAF5289025.1",55.7,614,250,7,44,655,37,630,0,674,70.2
"145","EEB12185.1","TGZ49087.1",56.977,602,241,7,38,638,33,617,0,669,73.59
"146","EEB12185.1","KAB0797236.1",54.12,619,260,10,27,633,29,635,0,666,70.44
"147","EEB12185.1","CAG9771290.1",53.605,638,260,10,44,666,53,669,0,663,69.12
"148","EEB12185.1","KAH0956584.1",56.807,595,244,6,38,630,32,615,0,661,73.28
"149","EEB12185.1","KRT86794.1",56.775,583,240,5,44,625,53,624,0,659,72.21
"150","EEB12185.1","KAH0554196.1",57.119,597,240,7,38,633,31,612,0,657,73.2
"151","EEB12185.1","CAD6222576.1",56.951,597,241,7,38,633,31,612,0,656,73.2
"152","EEB12185.1","EZA57806.1",56.376,596,246,6,38,630,32,616,0,655,73.32
"153","EEB12185.1","EFN71977.1",56.053,603,249,7,38,638,32,620,0,653,71.97
"154","EEB12185.1","KAG7201324.1",54.777,628,261,9,17,638,10,620,0,653,70.7
"155","EEB12185.1","KMQ97942.1",55.372,605,253,6,38,638,32,623,0,652,72.23
"156","EEB12185.1","CAG9859258.1",55.751,626,253,10,32,646,2,614,0,650,70.29
"157","EEB12185.1","CAG5095999.1",56.478,602,241,8,38,633,31,617,0,650,72.76
"158","EEB12185.1","EGI63990.1",55.212,614,256,8,27,638,24,620,0,649,71.82
"159","EEB12185.1","KAF7269967.1",55.684,607,253,7,27,625,28,626,0,647,71.17
"160","EEB12185.1","KAG5320693.1",55,620,248,9,27,638,24,620,0,643,70.97
"161","EEB12185.1","KAG5326993.1",55.375,614,255,8,27,638,24,620,0,643,71.66
"162","EEB12185.1","KAG5311786.1",55.049,614,254,9,27,638,24,617,0,642,71.66
"163","ACM47586.1","ACM47586.1",100,568,0,0,1,568,1,568,0,1130,100
"164","ACM47586.1","ETN59730.1",72.824,563,124,7,9,558,4,550,0,720,80.11
"165","ACM47586.1","EAT48854.1",83.951,405,65,0,159,563,1,405,0,682,91.11
"166","ACM47586.1","CRK88688.1",58.733,521,183,5,45,560,23,516,0,593,71.98
"167","ACM47586.1","CRK88687.1",58.733,521,183,5,45,560,15,508,0,592,71.98
"168","ACM47586.1","KAG5673013.1",58.286,525,187,6,45,565,27,523,0,563,70.86
"169","ACM47586.1","KAG5673012.1",58.095,525,188,5,45,565,21,517,0,563,70.48
"170","ACM47586.1","CAH1730600.1",64.523,451,153,4,119,563,89,538,0,557,78.49
"171","AAF80554.1","AAF80554.1",100,1179,0,0,1,1179,1,1179,0,2439,100
"172","AAF80554.1","AAM63432.1",99.406,1179,7,0,1,1179,1,1179,0,2427,99.58
"173","AAF80554.1","EAT47410.1",99.576,1179,5,0,1,1179,1,1179,0,2426,99.75
"174","AAF80554.1","KFB42984.1",80.243,1068,159,15,135,1160,136,1193,0,1667,85.67
"177","AAF80554.1","KAG5681232.1",68.103,1044,260,24,140,1163,15,1005,0,1368,78.07
"178","AAF80554.1","CRL03978.1",69.463,1025,245,27,150,1156,90,1064,0,1360,78.83
"179","AAF80554.1","AAM63431.1",98.373,676,11,0,1,676,1,676,0,1359,98.82
"180","Query_81563","MCL4129876.1",58.333,324,125,5,9,330,3,318,2.81e-107,323,72.84
"181","Query_81563","KAG8223872.1",50.729,343,153,5,1,329,129,469,1.01e-101,314,67.64
"182","Query_81563","CAD7413317.1",49.699,332,151,5,1,330,1,318,7.59e-101,306,68.98
"183","Query_81563","GFG28126.1",53.453,333,137,6,1,330,132,449,8.12e-100,309,67.87
"184","Query_81563","GFG39584.1",52.239,335,141,6,1,330,156,476,3.02e-98,305,71.34
"185","Query_81563","CAD7578322.1",49.096,332,153,5,1,330,54,371,4.05e-98,301,68.67
"186","Query_81563","KDR19311.1",51.652,333,143,6,1,330,206,523,4.39e-97,304,68.77
"187","Query_81563","CAD7456214.1",49.699,332,151,5,1,330,137,454,6.01e-96,298,67.77
"188","Query_81563","KAF4525946.1",51.351,333,142,5,2,330,174,490,5.21e-92,289,68.17
"189","Query_81563","KAA0203922.1",56.522,276,107,4,1,265,70,343,9.04e-92,283,70.65
"190","Query_81563","CAD7241908.1",48.503,334,154,5,1,330,173,492,3.99e-91,288,65.57
"191","Query_81563","PNF20946.1",52.711,332,141,4,1,330,193,510,6.53e-91,288,66.57
"192","Query_81563","CAD7274489.1",47.289,332,160,5,1,330,160,478,6.6e-90,284,65.96
"193","Query_81563","CAB3359964.1",50,332,152,4,2,330,114,434,1.55e-89,281,67.17
"194","Query_81563","PSN35039.1",45.833,360,150,7,1,330,51,395,2.26e-88,278,62.22
"195","Query_81563","CAD7622824.1",47.576,330,158,4,1,330,378,692,5.56e-88,285,65.45
"196","Query_81563","KAI5704627.1",45.783,332,166,5,1,330,191,510,1.42e-87,278,65.06
"197","Query_81563","QVD39182.1",48.943,331,156,4,1,330,19,337,1.9e-87,273,66.16
"198","Query_81563","CAH0381819.1",46.269,335,161,6,1,330,198,518,4.83e-86,275,63.88
"199","Query_81563","KAJ1530432.1",47.605,334,158,6,1,329,190,511,1.66e-85,274,66.17
"200","Query_46301","CAH1388393.1",45.042,353,190,3,228,577,168,519,2.76e-83,277,64.59
"201","Query_46301","CAH0753751.1",41.408,355,204,3,227,577,173,527,7.24e-76,258,59.44
"202","Query_46301","PNF25772.1",43.564,303,170,1,223,524,184,486,2.35e-75,255,62.05
"203","Query_46301","KAF6215493.1",43.417,357,197,4,228,580,375,730,1.86e-73,256,61.62
"204","Query_46301","KAF7383363.1",40.882,340,198,3,228,566,236,573,3.31e-73,253,59.41
"205","Query_46301","KAF2884247.1",40.974,349,205,1,226,574,159,506,6.2e-73,249,58.74
"206","Query_46301","KAJ4436265.1",44.068,354,188,4,228,577,65,412,1.68e-72,246,59.6
"207","Query_78722","KAG1694102.1",38.482,382,223,3,370,740,626,1006,1.14e-72,263,58.64
"208","Query_73844","KAA0201437.1",40.369,379,200,6,351,722,84,443,2.06e-76,261,59.37
"209","Query_73844","KPJ11232.1",39.947,378,218,4,361,731,120,495,2.79e-76,262,58.47
"210","Query_73844","CAH2232930.1",40.72,361,206,3,361,714,58,417,6.67e-76,259,59.83
"211","Query_20390","VEN37223.1",40.909,352,204,3,826,1176,253,601,7.55e-77,275,62.22
"212","Query_20390","VEN37225.1",40.909,352,204,3,826,1176,242,590,1.16e-76,274,62.22
"213","Query_20390","VEN37222.1",40.909,352,204,3,826,1176,249,597,1.82e-76,274,62.22
"214","Query_20390","CAH0557630.1",39.489,352,209,4,826,1176,258,606,2.26e-75,270,61.65
"215","Query_20390","VEN37226.1",40.909,352,204,3,826,1176,174,522,3.82e-75,268,62.22
"216","Query_929","CAB3360254.1",38.482,382,229,4,213,590,182,561,1.32e-82,279,60.47
